{
  "generation": [
    {
      "templateId": "ui5template.basicSAPUI5ApplicationProject",
      "templateVersion": "1.4.0",
      "dateTimeStamp": "Sat, 26 Sep 2015 17:35:56 GMT"
    }
  ],
  "translation": {
    "translationDomain": "",
    "supportedLanguages": "en,fr,de",
    "defaultLanguage": "en",
    "defaultI18NPropertyFile": "i18n.properties",
    "resourceModelName": "i18n"
  },
  "hcpdeploy": {
    "account": "p1941667654trial",
    "name": "chucknorrisjokes",
    "lastVersionWeTriedToDeploy": "1.0.4"
  },
  "projectType": [
    "sap.watt.uitools.ide.fiori",
    "sap.watt.uitools.ide.web",
    "com.watt.common.builder.sapui5clientbuild"
  ],
  "build": {
    "lastBuildDateTime": "Sun, 27 Sep 2015 15:30:13 GMT",
    "buildRequired": false
  }
}